{
  "UserTask": [
    {
      "AccountId": 1,
      "UserName": "abc",
      "TaskData": [
        {
          "TaskId": 1,
          "TaskName": "Huddle Meeting",
          "TaskDescription": "Daily Scrum update",
          "TaskStatus": 1,
          "CreateDate": "21/03/2021 ",
          "EffectiveDate": "22/03/2021 10:00"
        },
        {
          "TaskId": 2,
          "TaskName": "CC Activities",
          "TaskDescription": "CC activities planned for Today",
          "TaskStatus": 1,
          "CreateDate": "21/03/2021",
          "EffectiveDate": "22/03/2021 11:00"
        },
        {
          "TaskId": 3,
          "TaskName": "Trainings",
          "TaskDescription": "Internal Trainings",
          "TaskStatus": 1,
          "CreateDate": "21/03/2021",
          "EffectiveDate": "22/03/2021 12:00"
        },
        {
          "TaskId": 4,
          "TaskName": "Code Reviews",
          "TaskDescription": "Code Reviews",
          "TaskStatus": 1,
          "CreateDate": "21/03/2021",
          "EffectiveDate": "22/03/2021 3:00"
        }
    },
    {
      "AccountId": 2,
      "UserName": "xyz",
      "TaskData": [
        {
          "TaskId": 4,
          "TaskName": "Design Reviews",
          "TaskDescription": "Design verification",
          "TaskStatus": 3,
          "CreateDate": "21/03/2021 ",
          "EffectiveDate": "22/03/2021 10:00"
        },
        {
          "TaskId": 5,
          "TaskName": "Risk Identification",
          "TaskDescription": "Business impact on the changes",
          "TaskStatus": 2,
          "CreateDate": "21/03/2021",
          "EffectiveDate": "22/03/2021 11:00"
        },
        {
          "TaskId": 6,
          "TaskName": "Trainings",
          "TaskDescription": "Internal Trainings",
          "TaskStatus": 5,
          "CreateDate": "21/03/2021",
          "EffectiveDate": "22/03/2021 12:00"
        },
        {
          "TaskId": 7,
          "TaskName": "Code Reviews",
          "TaskDescription": "Code Reviews",
          "TaskStatus": 6,
          "CreateDate": "21/03/2021",
          "EffectiveDate": "22/03/2021 3:00"
        }
    }
  ]

}
